排名,中文标题,外文标题,导演/主演,评分,评价人数,简介,详情链接,年份,片长,类型,IMDb,热门短评
1,肖申克的救赎,The Shawshank Redemption,导演: 弗兰克·德拉邦特 Frank Darabont   主演: 蒂姆·罗宾斯 Tim Robbins /...,9.7,3285543,,https://movie.douban.com/subject/1292052/,1994,142分钟,剧情/犯罪,tt0111161,"如小果(50星): 恐惧让你沦为囚犯，希望让你重获自由。——《肖申克的救赎》 | 犀牛(50星): 当年的奥斯卡颁奖礼上，被如日中天的《阿甘正传》掩盖了它的光彩，而随着时间的推移，这部电影在越来越多的人们心中的地位已超越了《阿甘》。每当现实令我疲惫得产生无力感，翻出这张碟，就重获力量。毫无疑问，本片位列男人必看的电影前三名！回顾那一段经典台词：“有的人的羽翼是如此光辉，即使世界上最黑暗的牢狱，也无法长久地将他围困！” | 711|湯不餓(50星): 策划了19年的私奔…… | 艾小柯(50星): 关于希望最强有力的注释。 | Eve|Classified(50星): “这是一部男人必看的电影。”人人都这么说。但单纯从性别区分，就会让这电影变狭隘。《肖申克的救赎》突破了男人电影的局限，通篇几乎充满令人难以置信的温馨基调，而电影里最伟大的主题是“希望”。
当我们无奈地遇到了如同肖申克一般囚禁了心灵自由的那种囹圄，我们是无奈的老布鲁克，灰心的瑞德，还是智慧的安迪？运用智慧，信任希望，并且勇敢面对恐惧心理，去打败它？
经典的电影之所以经典，因为他们都在做同一件事——让你从不同的角度来欣赏希望的美好。 | 寂地(50星): 超级喜欢超级喜欢,不看的话人生不圆满. | 葱(50星): 这样的男人谁会舍得背叛。。。 | veronique(50星): 一部没有爱情与美女的电影,却光芒四射 | 影志(50星): Fear Can Hold You Prisoner, Hope Can Set You Free | 珍妮的肖像🦤(50星): 没有人会不喜欢吧！书和电影都好。 | 如是(50星): 还记得老brooks上吊自杀时心里有多难过。自由来的太晚，生命早已自行放弃。 | 朝暮雪(50星): 当雷电劈开圣经扉页的刹那，污水管道的血污里开出了鸢尾花。那个墨西哥海岸的约定不是谎言，是囚徒用月光编织的绳梯，每个绳结都系着太平洋咸涩的潮汐。
有的鸟注定属于天空，有的琴弦永远颤动在休止符之外。安迪游向暴雨的姿态，像蝴蝶挣裂了琥珀的裹尸布。
当他撕开雨幕的瞬间，整个太平洋都听见了，人类心脏深处亘古回荡的潮声。
我们看见自己正从冰川纪的冻土里抽芽，而安迪的锤子，不过是春天叩击冻土的第一声心跳。
当狱警的枪声惊醒冬眠的蜥蜴，我们终于在肖申克的废墟里看见——所有镣铐都是水做的牢笼，而自由不过是场优雅的溺水。
真正的监狱从来不是有形的围墙，而是我们心中对体制的臣服。当我们学会在绝望中保持希望，在黑暗中寻找光明，就已经完成了精神的越狱。
原来，自由不在远方，而在每个人的心中。 | 文泽尔(40星): 人的生命不过是从一个洞穴通往另一个世界..然后在那个世界的雨中继续颤抖.i hope | 私享史(50星): 因为1994年台湾引进了一部比较卖座的老片The Sting，被错译成了《刺激》。到了1995年本片上映时，片商觉得其剧情与《刺激》有类似的地方（大概都属于高智商的复仇？），因此被译成了《刺激1995》，1998年又有一部片子Return To Paradise因为含有牢狱情节，被译成《刺激1998》！

说起来，自打高一时看过《肖申克的救赎》，男主角安迪的精神就持续影响着我，成为我价值观的一部分。那种持续不断给有关机构写信申请图书馆的精神，那种拒绝“忙着活，忙着死”的人生的精神，那种迫不得已作恶却良心不泯正义终彰的精神，那种享受生命中每一刻微小的美好的精神，那种在困境中梦想着远方有一小块属于自己乐土的精神，那种甘于平凡且活得自在的精神。一言以蔽之，那种属于“人性的光辉”的精神。 | 挽梦忆笙歌(50星): 一部没有女主，没有爱情，没有特技的好片子，也是很多大学英语老师喜欢放给学生看的片子，这部片子讲诉的就是一个很纯粹的故事，一次的救赎，换回了自由，也是一种信念驱使他这么做，这部片子是感人的，它也让很多人成长。"
2,霸王别姬,再见，我的妾    Farewell My Concubine,导演: 陈凯歌 Kaige Chen   主演: 张国荣 Leslie Cheung / 张丰毅 Fengyi Zha...,9.6,2424069,,https://movie.douban.com/subject/1291546/,1993,171分钟,剧情/爱情/同性,tt0106332,"momo(50星): 陈凯歌可以靠它吃两辈子饭了，现在看来江郎才尽也情有可原 | [己注销](40星): 被“历史”绑架了的两个小人物……

《活着》和《霸王别姬》不是中国电影的起点，而是终点…… | 大头绿豆(40星): 不疯魔，不成活 | 沉歌(50星): 他竟当面一语点破：虞姬是真虞姬，霸王是假霸王。 | kingfish(50星): 不解,拍出过霸王别姬的人怎能拍出无极来 | 袁长庚(40星): 备课三刷。一边看一边想，如果拿掉张国荣，剩下的东西里，还有几分成色？是不是陈凯歌日后有的一些坏毛病早就埋下种子了？但是，没办法，一个疯子，又遇见了成全他的角色，干柴烈火，谁也挡不住。所有人都被他带的颠三倒四的，这就是角儿，一种迷人的暴力 | 蚂蚁没问题(50星): 就凭这个，我愿意原谅陈凯歌一切的烂片 你只要伟大过一次就可以了 就凭这个 哥哥你是我心中永远不朽的传奇 你是全世界最大的角儿 | 艾小柯(50星): 最优秀的中国电影 | 凯瑟琳小姐(50星): 这真的不是电影，而是人生。如此真实深刻地反映了从抗战前夕至文革的那段历史时期下命运凄惨的人们，渗透在每一个细节，包括那个不能忍受戏班虐打的孩子，而文革中六亲不认，人格扭曲更是展现到了极致。当然最赞的是哥哥的表演，如此悲哀可怜的蝶衣让人心痛，不疯魔不成活，人戏不分，现实的他也是如此 | 香水瓶(50星): 君王意气尽 贱妾何聊生 | 莫呼洛迦-屁股上的青春在歌唱(50星): 仨小时的电影，我没上一次厕所，一直专注的在看，除了牛逼我想不出其他的词儿了。直男对于gay来说终究是祸害，他们不敢爱，面对自己的感情畏畏缩缩，伤了别人还假惺惺。每个人都演的很好，蒋雯丽虽然出场不到半小时，也是把角色诠释的淋漓尽致。这真是陈导的巅峰之作了。 | Holocence(50星): 菊仙是个好女人 | 影志(50星): 人戏不分，不疯魔不成活。 | Little Punk(未评分星): 风华绝代 | JulyChan(50星): 你凝视你的脸，几亿人在爱恋。"
3,泰坦尼克号,Titanic,导演: 詹姆斯·卡梅隆 James Cameron   主演: 莱昂纳多·迪卡普里奥 Leonardo...,9.5,2499354,,https://movie.douban.com/subject/1292722/,1997,194分钟,剧情/爱情/灾难,tt0120338,"个篱(50星): 那对对死无所畏惧的老夫妇，那个不为外界干扰的乐队，那个为生而做一次假父亲的男人，那个为爱人吹响口哨的女人。都是为了一种心灵上的执着。 | 沉歌(40星): 爱你原本只是一瞬，却不知在时间的洪流中成了永恒。 | 影志(50星): “我甚至连一张他的画像都没有，但他永远活在我心中。” 要敢说，这是我一直深爱的电影。

3D效果言过其实；被删裸戏无察觉；IMAX看清冰山全貌；Rose美的神魂颠倒，Jack帅的令人窒息；甲板上Jack对Rose说:I see you. 看过不下10遍，能记住每个情节、台词、人物及配乐，该哭地方还是会哭；3碟正版VCD能记住两次换碟的准确时刻；初二看完后自己经常在水盆里用水瓢演习沉船全过程… | Doublebitch(50星): 将永远是我在电影院所看过次数最多、最感动、也是最好的电影 | 峰峰峰峰(40星): 当老年的Rose午夜梦回，一个长镜头穿过大堂，摇上楼梯，站在钟表前的Jack转过身来，意气风发，潇洒倜傥，宛如昨日。 | 高歌(50星): 生死两茫茫
不思量
自难忘 | 芦哲峰(40星): 1998年，哈尔滨火车站地下给初恋女友买的盗版光盘。 | 孔雀鱼(50星): 学校组织放映的影片，大家好像对rose和jack恋爱过程猎奇，但是让我感动的一幕是轮船将要沉沦，海上乐队的绅士们整理领结，肃穆庄严的弹奏最后一曲，那一瞬间，仿佛听见一首镇魂曲在响彻。 | 老鸡｜扶立(40星): 高中时代的大片，最让我动心的是音乐 | 勾陈(40星): 远程支持学校社团放映。说实话不是很能get到爱情线。男女主角之间不过是把对逃离现实的渴望投射到对方和被荷尔蒙短暂冲昏头脑的激情之爱。如果两个人真的顺利下船，ross多半会逐渐发现jack嗜赌轻浮偶尔还很暴躁而且没有足够的经济基础并以分手结局。这种烟花般的爱情只能靠死亡定格在最绚烂的时刻，才能让人感动。
相比之下，大洪水来临时无助哭喊的，一心求生的，从容赴死的，向神祷告的，信仰崩塌的，坚持道德的，自私野蛮的，寥寥几笔群像就有震撼人心的力量。
如果拍成纯粹的特效沉船片就四星了；如果有触手大海怪就五星了(
加一星给陪我一起看的人。 | 游牧人(30星): 剧本居然收入人民教育出版社教材，可想而知对我国的巨大影响力。 | momo(40星): 不懂重映为什么非要弄成3D的…… | 桃溪春野(50星): 我学会了吐口水，我努力的活下来了，我去了好多你说过的地方，我学会了双腿张开骑马，我生了好多孩子，我已经活到一百岁了，我可以见到你了吗？ | 宋阿慕(50星): 一部应该被记住的电影. | 魏小河(40星): 不知为什么，今天才看这电影，但从来不急，就像任何一件人生中必须经历的事情，你知道总会到来的。那些早就从别人谈话中听来的感动和泪点，一一应中，但在此之前，终归是听来的。时间参和进去，电影不只是电影，生离死别，何止爱情。"
4,阿甘正传,Forrest Gump,导演: 罗伯特·泽米吉斯 Robert Zemeckis   主演: 汤姆·汉克斯 Tom Hanks / ...,9.5,2431089,,https://movie.douban.com/subject/1292720/,1994,142分钟,剧情/爱情,tt0109830,"今天小熊不吃糖(50星): 羡慕珍妮，不管她多么叛逆、落魄、堕落，永远有阿甘在等她回来 | 影志(50星): 妈妈说，生活就像一盒巧克力……请不要再续下一句，耳朵听的起了茧子。 | 林愈静(50星): 每年看一遍，每年哭一遍，看看自己幸福还是阿甘幸福！时间：从2003开始每年一遍 | 娜莉梦游仙境(50星): 傻人有傻福，实际上并不是这样的。在我看来，阿甘的妈妈才是最伟大的人。很多普通人把低智商的孩子早早就放弃了，不让上学，不与别人接触，也许是为了保护自己的孩子，但是这样以后孩子就等于废了…… | 陳(40星): 太甜美的美國夢 | 亚比煞(40星): 他的十二支船，每一支都是她的名字。她走后，他只得跑遍世界的每一个湖泊和沙漠来思念她，只等她一声召唤便死心塌地的回到她的身边。好莱坞编造一个这么纯粹的故事，让我们看到我们所拥有的感情，是多么的残破不堪。这简直是残忍的，不道德的。 | 一起吃地瓜(40星): 《阿甘正传》总觉得有点伪心灵鸡汤的感觉。阿甘人生处处开挂有点不真实，相比较来说更喜欢《肖申克的救赎》。 | 大头绿豆(50星): 阿甘奔跑的意象，应该留在了很多人心里。 | 旅途人生(40星): 电影以一个虚构的人物阿甘为主线巧妙的融入了越南战争，水门事件，总统被刺，乒乓外交等多项历史事件，以一个小人物的视角看待历史问题，故事采用阿甘对白的方式讲述故事。电影展现了阿甘的乐观坚强，以及感染了周围人，相对来说还算励志。 | 荞麦(50星): 重新再看一遍，觉得奥斯卡当年颁给《阿甘正传》而不是《肖申克的救赎》，还是对的……更广阔，经得起各种解读，每个人都能找到自己的点。 | 海心(50星): you are my girl. | xjxiidjsns(50星): Mama always said life was like a box of chocolates. You never know what you're gonna get. | 乔西(50星): 我生命里最温暖的一部电影 | 👹天神的审判(40星): 这部电影很棒，居然还有很多人说看不懂，说看不懂的人说明你的经历太少。阿甘只是忠诚善意地对待身边的每一个人，他也只是专心专注努力的做好每一件事情，所以他才能成功，活好当下是这电影要传达的信息。 | 雨果(50星): 这是一部美国典型的反智题材电影。聪明的人未必一定能成功。阿甘的智商极低，却情商极高。他一直怀着单纯的心，做了在别人眼里了不起的事，也尽力照顾身边的人。
成功充满必然与偶然。
人生就像是一盒巧克力。
最经典的两句台词"
5,千与千寻,千と千尋の神隠し,导演: 宫崎骏 Hayao Miyazaki   主演: 柊瑠美 Rumi Hîragi / 入野自由 Miy...,9.4,2537789,,https://movie.douban.com/subject/1291561/,2001,125分钟,剧情/动画/奇幻,tt0245429,"海心(40星): 有那么那么经典吗？还是我老了？ | 暖鱼(40星): 一个寻找自我或者自我复苏的过程 | 小晗要当锦鲤(40星): 宫崎骏没有迪斯尼那么花哨 甚至有些落伍 直到现在 他还坚持用手工绘画而不是电脑绘图来完成自己的卡通片 但他懂得一部卡通片 或者一部影片 应该用什么去打动别人 所以 宫崎骏笔下的形象是一个个人 而不是一个个没有知觉的卡通形象 | SH&^U&^N64(50星): 不努力工作会变成猪 | zing(50星): 每次看这些神作的时候想到这是动画片这是一群牛人一笔一笔画出来的,就觉得漏看掉一帧都实在是对不起他们啊 | ░▒▓██(50星): 曾发生过的事请不可能忘记 只不过是你想不起罢了 | Mono(40星): 不是所有人都能够在误入迷踪时得遇白龙
 也不是所有的长辈都能一如锅炉爷爷在夜里给你盖好棉被、还有嘴硬心软的玲、离开汤屋就回归善良的无脸人…很多变化都是不可逆的。。。 | Yolanda(50星): 十年后重看只想大哭，其实我们都明白这个结局。 | 林愈静(40星): 人人都要工作，否则便不能生活。 | 闲潭影(50星): 最好的宫崎骏，最好的久石让。 | 影志(50星): “有些事情是不可能忘记的，只是一时想不起来。” 忘了怎么打动我的了…好像不是打动，而是震撼。 | 根(50星): 隔那么多年再看，还是会二话不说就爱上温柔的白龙，还是会被无脸男捧出的一把木牌打动，还是想坐在阁楼上边吃豆包边看电车从海上驶过，但是……再也说不出“想留在那样的世界再也不出来”的话了！愿幻想的世界里没有工作！
话说千寻现在也28岁了啊，不知道有没有和白龙重逢，如果按好故事的标准，应该是没有吧？她大概已经变成了普通的上班族，每天搭末班电车回家，只是在路过每一条河流时，会想起少女时曾经爱过一条龙。 | 老鸡｜扶立(50星): 莫贪吃！贪吃变成猪！ | 唐喜乐(50星): 你忘了吗?
往下飞的时候眼泪是往上流的. | bekey(50星): 欲望无限，就会让你失去自己，进而痛失所爱；在残酷的环境下，只有努力去适应并寻求改变，才能有突破的可能；成功路人，伯乐很重要，一定要记得感恩；奋斗途中，会有妖魔鬼怪，也有可爱温暖的无脸男和小白。节制欲望、不断进阶、知世故而不世故、做个善良有温度的人。千寻，你是最棒的！"
6,美丽人生,La vita è bella,导演: 罗伯托·贝尼尼 Roberto Benigni   主演: 罗伯托·贝尼尼 Roberto Beni...,9.5,1482802,,https://movie.douban.com/subject/1292063/,1997,116分钟(国际版),剧情/喜剧/爱情/战争,tt0118799,"不靠谱小姐(50星): 我以为如此智慧的一个人，在那几声枪响过后，必定是会走出来，继续对他的公主说早安的... | 老鸡｜扶立(50星): 如果谎言可以这样美丽，我也情愿生活在谎言之中 | 寄意寒星(50星): 或许这是我看过的最伟大的喜剧。 | UrthónaD'Mors(50星): 喜剧的开始，悲剧的结束，
满满的亲情，无限的父爱 | 海上明月(50星): 绝对难忘的一部片子----影片结尾美国大兵的那句 hei! boy! 叫人已经凉透了的心又感到了温暖。 | 寂地(50星): 即使是悲惨世界,也要大大的笑着. | 文泽尔(50星): 父爱构筑了一场温馨的战争，没有在孩子心里留下任何阴影。故事分裂成两部分，前半是圭多对公主的追逐，用智慧战胜了强大的求婚者，抱得美人归；后半是战争风雨飘摇时对亲情的忠诚，在迈开大正步赴死，努力保护孩子时，父爱如山，界已成神. | momo(50星): 不敢相信男主死了，总以为他能活过来 | 亲爱的我呀(50星): 很久以前看过的，永远难忘片中父亲的鬼脸 | ᥫ᭡້໌(50星): 三刷了。记得上学时跟父母吵过，中国的父母经常想让小孩相信这世界的丑陋，而国外的父母即便身在地狱也要让孩子相信在天堂，让他们开心的活着，你们为什么要让我的童年的这么痛苦。哈哈，大概就是受这剧影响吧。 | monotonous(40星): 人生，就是喜剧，就是一场1000分的游戏。千万别哭，不然那个迈着正步去赴死的犹太人会笑话你的。 | 朝暮雪(50星): 铁门坠落的钥匙叩开玫瑰庄园
却解不开种族烙铁的炙痕
白驹驮着新娘奔向自由疆界
却冲不破铁丝网编织的牢笼

他用幽默的盾牌抵挡现实的箭矢
以父爱为密码破译战争的密电
一块奶油蛋糕跨越种族隔阂
红地毯丈量着从阶级到真心的距离

留声机转动希望的波长
管风琴震碎绝望的玻璃
用童话语法重构集中营的夜晚
让坦克游戏消解毒气室的阴影

“早安我的公主”融化铁幕寒冬
“我们正在夺冠”点燃废墟星辰
在谎言的土壤播种真相之花
将枪炮声谱成睡前童谣

他弯腰成为儿子的温暖坐骑
昂首化作妻子的永恒骑士
当黑暗吞噬所有光亮
他用瞳孔折射太阳

这不是集中营的编号囚徒
是穿着条纹睡衣的造梦先知
用微笑拆除地狱栅栏
以心跳奏响自由乐章 | 毛驴哥🔒🔒🔒🔒(50星): 对我说：“早上好，公主”吧 | 林愈静(40星): 看了这个不要看《辛德勒名单》或者看了《辛德勒名单》不要看这个。时间：2005 | 雨果(50星): 看过很多遍，我会背很多台词：我想和你做爱，我见你的第一眼就想和你连续做三次爱。如果你违反了三条规定中的任何一条，你的得分就会被扣光：一、如果你哭，二、如果你想要见妈妈，三、如果你饿了，想要吃点心！想都别想！第一句爱情性感，第二句父爱如山 
最爱的还是那句：早安，公主！"
7,星际穿越,Interstellar,导演: 克里斯托弗·诺兰 Christopher Nolan   主演: 马修·麦康纳 Matthew Mc...,9.4,2184816,,https://movie.douban.com/subject/1889243/,2014,169分钟,剧情/科幻/冒险,tt0816692,"比岁月含蓄(50星): 时间可以伸缩和折叠，唯独不能倒退。你的鹤发或许是我的童颜，而我一次呼吸能抵过你此生的岁月。 | 影志(50星): 太壮阔了，无以言表！40'渐入佳境，80'叹为观止，120'泪流满面，160'恍如隔世…不曾如此贴近浩瀚星空，被它环抱；不曾如此触摸生命之弦，遁入五维幻境。瑕不掩瑜的科幻神作，刷新视觉的IMAX体验，观影前撒好尿，准备接受近三小时的泪腺洗礼。“爱是一种力量，让我们超越时空感知它的存在” | CSUMMERY(50星): 我想给100颗星，这可能是我至今看过最令我震撼的电影了。到电影结束时候还不断流泪，奇迹不是因为有上帝 也不是有什么不可知的 某种力量，正是我们自己，人类不相信人类的力量把那些我们无可预知的奇迹都认为是上帝的功劳。若兰把我的世界观如此震撼人心的展现出来，我感觉我现在都激动得语无伦次了 | 桃桃林林(40星): 一边太空冒险，一边是通俗的情感戏。无论外表多硬科幻：虫洞、黑洞、太空冒险、多维空间……最核心的仍是亲情与爱。科学与理论其实都是为感情服务的，用很硬的外壳包裹最柔软的情感。也因为此，它不会是2001那样严肃伟大的科幻片，但却有更饱满的感情。包括那些泪点 | 大夫唐(50星): 看完没人起立鼓掌，因为全跪着。 | 我怀念的(50星): 整场基本屏住呼吸,瞠目结舌,无话可说.在香港这么多年除了电影节我第一次碰见放映结束观众集体鼓掌的.去年看完Gravity我觉得太空科幻片已经拍到头了,然后Nolan大神把我这点眼界碾压得粉碎.三体迷不必再较真拍三体这事Nolan已经把后半部给拍了. | 喵喵猫(50星): 三体迷们不用担心电影版会拍的稀烂啦！章北海船长，面壁人希恩斯，高维碎片，青铜时代和万有引力舰太空大战，冬眠和星际航行，三体世界的荒芜，高维世界的样貌，云天明的童话，诺兰新作中一次性看完！#刚刚看完星际穿越interstellar，感觉自己萌萌哒# | Peter Cat(40星): 严格说，这不是一部太空电影，太空片之所以特殊，是因为它能打破伦理性视角，而从超越维度（宇宙论，宗教）重新把握人类社会。而诺兰的努力，则更近于用物理学之外的盲点，拔高人伦价值。这个观点借电影视听效果获得了情感上的保证。但也牺牲了形而上的深度。 | 陀螺凡达可(30星): 槽点缺点太多，尤其讨厌达蒙和阿弗莱克的段落以及相互对应的那段剪辑，拍得太笨拙生硬，但对接戏又是近年来最让我印象深刻的片段，配乐也是。| 2017重看减至三星 | QuiteThrilling(50星): 非常理想化，所以显得很有种，没有公司敢让任何人拍这样的电影。致敬库布里克的镜头体现了导演的少女心。但有2001珠玉在前，我认为这部顶多和它并驾齐驱。诺兰尽其所能拍出了触手可及的科幻，硬核又充满人性，温情又隐含黑暗面，让人潸然泪下。“理想化”是不是削弱了剧本？大家保留各自意见吧。 | 黄青蕉(40星): 如果要给这部电影分级，我决定叫他逼级片。 | 芦哲峰(50星): 天地玄黄，宇宙洪荒。英雄气笃，儿女情长。 | 朝暮雪(50星): 对我们来说二维空间就是一张纸，从纸的一端走到另一端最快的方式是把它折起来。
对五维生物来说三维空间也是一张纸，是可以折起来的。
他们不仅可以将三维空间折起来，对他们来说时间也是实体的存在。
根据相对论，黑洞附近的引力太大，时间会变慢，米勒星球1小时等于地球7年。
米勒星球的配乐《Mountains》有密集的滴答声，每滴答一次，地球上就过去了1天。
《星际穿越》的黑洞并不是随便做的，电影上映5年后NASA发布了一张黑洞的效果图，证明了《星际穿越》的黑洞模型是严谨而准确的。 
为了拍玉米地，诺兰真的种了一片玉米，拍完电影卖玉米还赚了钱。
为了拍五维空间，诺兰真的搭了一个五维空间的景。
也许100年后的人们看这部电影会比我们更加感到震撼，因为他们会发现这部电影很多设想都是对的。 | Panda的影音(50星): 2011年11月有《雨果》，2012年11月有《少年派的奇幻漂流》，2013年11月有《地心引力》，2014年11月有《星际穿越》，……前三部电影分别获得11、10、11项的奥斯卡提名，然后都拿下最佳摄影和最佳视觉效果奖，由此，我们可以预测《星际穿越》2015年的奥斯卡提名数和最佳摄影+视觉效果拿奖的可能性？—— 才5项提名，没提最佳摄影，倒是获得最佳视觉效果。——《星际穿越》：我的第一部电影院④刷电影！—— 2020.08.08：这些年来没在小荧幕上完整重看过《星际穿越》，趁着这次国内重映的契机，来影院IMAX大银幕进行我的第⑤次「星际穿越」。 | 舌在足矣(50星): 相比诺兰之前的片子，这部显得比较慢热。然而前两段的层层铺垫终于迎来了第三段主题呈现的水银泻地。Inception仅仅一笔带过的亲情成为了这部电影的核心母题。麦康纳和查斯坦的精湛演技，胶片IMAX呈现出的影像质感，实拍特效的震撼人心，平行剪辑的完美流畅，寂寞大叔创造性的管风琴配乐，神一样的诺兰"
8,这个杀手不太冷,Léon,导演: 吕克·贝松 Luc Besson   主演: 让·雷诺 Jean Reno / 娜塔莉·波特曼 ...,9.4,2553028,,https://movie.douban.com/subject/1295644/,1994,133分钟(中国大陆),剧情/动作/犯罪,tt0110413,"沉歌(50星): 萝莉有颗御姐心，正太有个大叔身——邪恶又天真、残酷又温柔，多完美~ | 沙门(50星): 一半的魅力来自反派：Gary Oldman. | 眠去(50星): 她对Leon说，自从遇见你后，我的胃，再也不痛了…… | 正在喝牛奶(30星): 我没啥感觉的公认好片。 | 左宜右有Haak(50星): 一个杀手被一个萝莉害死的故事 | 杜扬Seatory(40星): 我开始想要过得快乐，睡在床上，有牵挂 | 大头绿豆(50星): Leon的门打开，一束好象来自天堂的光照在Mathilda脸上。给他快乐，从不发问。细节和大方向都很出色，一部控制得几乎完美的电影。 | shu(50星): 这个男人他是从儿时的动画片里走出来的，是邪恶和童真的混合体，这令我着迷。 | 酚酞(50星): 看到泪飙，世上最温情的杀手。
幸运的姑娘在12岁就遇到了真正的男人。 | lily(40星): 里昂只有一颗盆栽，不善言辞，爱喝牛奶。他不像，却真正是一个杀手。玛蒂达的到来，是包袱，也给里昂带来了生机。不过这种设定，注定是悲剧收场。里昂死后，玛蒂达将他盆栽的种子落地生根，里昂终于不再每日拿着手枪在椅子上不安地入睡，他落地了。娜塔莉波特曼太灵了，玛蒂达是如此特别。 | 艾小柯(40星): 传奇，童话，传奇，童话，传奇，童话…… | xjxiidjsns(50星): -Is life always this hard.or is it just when you're a kid
-Always like this. | Nalakuvara(50星): 或许是很多姑娘大叔控的根源。 | Camellia(50星): Léon： You're not going to lose me. You've given me a taste for life. I wanna be happy. Sleep in a bed, have roots. And you'll never be alone again, Mathilda. Please, go now, baby, go. Calm down, go now, go. | Cherry(50星): 喜欢这个喝牛奶的男人"
9,盗梦空间,Inception,导演: 克里斯托弗·诺兰 Christopher Nolan   主演: 莱昂纳多·迪卡普里奥 Le...,9.4,2326245,,https://movie.douban.com/subject/3541415/,2010,148分钟,剧情/科幻/悬疑/冒险,tt1375666,鼬(30星): 就那么一个创意，被大家吹得玄而又玄。片中充斥着毫无意义的枪战。看的过程中惟一的惊喜就是CCTV了。 | 山风如月(50星): 大概广电局也不知道该从哪里剪 | 大宸(50星): 卡梅隆负责革新电影技术，诺兰负责革新电影结构... | 楚仙(50星): 一部电影好看到即使你明白它在故弄玄虚也是义无反顾的打五星。 | 朝暮雪(50星): 所有的梦境中柯布中都戴着戒指，所有的现实中柯布都没戴戒指，所以陀螺只是障眼法，戒指才是真正的图腾。结尾柯布根本不在乎陀螺有没有停下来，因为他出机场的时候没戴戒指，他早就知道自己回到现实了。 | 桃桃林林(40星): 1、电影确实精彩。2、没有想象的难懂，相信你自己。3、总会有一个让你记一辈子的镜头。4、请降低期待值。5、请提前上厕所。6、记得关手机。7、一定要去影院，因为影院也是个造梦机器。8、记得听完结尾音乐。因为它负责让你醒来。9、极可能是近几年你在影院看过最精彩的电影。10、穿越吧少年 | 亚比煞(40星): 你永远记不起一个梦的开端，就像记不起我们如何来到这个世界上。 | 陈允然(50星): 我的陀螺停不下来了。 | 影志(50星): “既然做梦，就做大点” 这句太深得人心了。——2010年最天才的电影。“谁又能说，现实不是梦境。” Do you remember how you got here? | seren(50星): 一直在牛逼，从未被超越。只有Nolan才能达到这种境界！！！ | 苇间疯(40星): 确实挺好看。人人都在评论这片，我也评不出个鸟来了。因为《盗梦空间》这片，中国人民已经陷入了智商无限的癫狂幻想之中。人人都觉得自己的解释最牛逼，人人都觉得自己是哲学家，是心理学家，是数学家，是诺兰的知己。 | 漩式焰(30星): 今敏大人啊~~您的点子被电影化，感觉好像科教片…… | Molly Zheng(40星): 你们终于知道我每天晚上做这种梦有多累了吧 | kingkongofkhan(50星): 前期的口碑营销确实有点儿过了，绝对还没有达到神作的级别，但依旧是近年来最好的影片，诺兰独有的叙事技巧视觉风格以及影像语言都被完美的贯彻其中，其遵循并热爱的怀古之风从人物造型，台词蔓延到拍摄手法以及特效制作上，不过正因为如此，一些动作戏上的处理还有视觉奇观的展现则还不是那么过瘾。 | longer(40星): 概念不算新鲜但还不错 ;p 充斥许多漂亮的慢动作镜头和带点匪夷所思的建筑构想，视觉效果挺棒的！偶尔会令我想起Paprika……
10,楚门的世界,The Truman Show,导演: 彼得·威尔 Peter Weir   主演: 金·凯瑞 Jim Carrey / 劳拉·琳妮 Lau...,9.4,2020090,,https://movie.douban.com/subject/1292064/,1998,103分钟,剧情/科幻,tt0120382,"UglyBerry(40星): 我是不是也在楚门的世界活着？ | 影志(50星): “如果再也不能见到你，祝你早安，午安和晚安。” | 伊卡洛斯(50星): 他用别人的相片拼凑出她的样子， 在这个虚假的，冷漠无情的世界里只有这份思念是唯一的真实 | 理想多钱一斤啊(40星): 原来植入广告那都是人家美国人玩剩下的玩意儿…… | Qing(50星): 最讽刺的难道不是电视旁的所谓观众么？导演老头子都比他们真情实感多了 观众为了他落泪欢呼击掌又如何 之前却从未想过让他离开 之后也只是换了一个节目频道罢了 | enthusiast(40星): 每个人都向往自由而不仅仅是安定 | 齊克斯尼力佐飛(50星): 就算是已经完全知道剧情走向也还是被震撼被感动。就算你能摄影我的一切也无法在我脑内安装摄影机。 | 米姐起飞(50星): 要想阻挡我 只有杀我 | 沉歌(50星): 打开这道门，即便现实再最肮脏也请让我自己感受！关掉你的镜头，即使现实再无奈你也必须自己体验！ | 开心街的笨菠菜(50星): 不止一次的怀疑所有人都在演戏，而我却蒙在鼓里 | 同志亦凡人中文站(50星): 当你望着深渊的时候，深渊也在回望你。楚门之外的世界，又会有怎么样的窥探？最怕的是，我们永远无法求证自己身处在哪个世界。 | 金鱼先生(50星): 最后一个镜头太讽刺了。上一秒观众们还为楚门的决定欢呼雀跃，下一秒就开始转台搜寻下一档节目以供饭后娱乐。 | 波波维奇(50星): 影片结尾两个保安的话让我不寒而栗，楚门到底有没有走出楚门的世界？ | 贾不许(40星): Good morning, and in case I don't see ya, good afternoon, good evening, and good night! | 后天的雨(50星): 还记得第一次看完后的震撼。从一出生就在全世界关注下，父母朋友亲人甚至所有30年的人生轨迹都在设定中的楚门，在逐渐剥开疑团揭露残酷真相后，他有勇气走出这个巨大的牢笼，而我们每个人又何尝不是楚门，都在某种程度上被设定被限制被禁锢，又有几个会寻找自由挣脱桎梏。"
11,辛德勒的名单,Schindler's List,导演: 史蒂文·斯皮尔伯格 Steven Spielberg   主演: 连姆·尼森 Liam Neeson...,9.5,1247577,,https://movie.douban.com/subject/1295124/,1993,195分钟,剧情/历史/战争,tt0108052,"宝塔糖(50星): 有钱才能保护喜欢的人 | 西梨(50星): 出门的时候，看到灯火辉煌的城市，会觉得一切幸福美好都是罪恶。。。 | 文泽尔(50星): 这不止是剧情，更是技术、镜头、剪辑、演技和配乐的综合胜利。表达是一出技巧活，不以剧本和背景定优劣，这一切都是导演的功力和运气造成，不可求，但可遇——《辛德勒的名单》可谓厚积薄发。而实论背景，辛德勒本人之事尚存争议，电影却已在全世界人面前诠释并且定性了，由此可见媒体的影响之大 | veronique(50星): 请看一部没有笑容的电影吧 | 2013(40星): 印象很深刻的是黑白画面中的红色。 | 珍妮的肖像🦤(50星): 不仅仅是犹太人，而是整个人类的悲剧。 | Ying(50星): “你从来不喝醉，那是绝佳的自制力。自制力就是权力。” “权力是当我们有绝对的理由去杀一个人的时候，我们却不那样做。那是古代帝王风范。那才是权力。” | Q。(40星): “凡救人一命，即救全世界！”一段如此深刻的历史，多么希望它早早结束，但如此一部经典的影片你却永远都不想它完结。感动于良知，印象很深刻的永远是黑白画面中的那一抹红色。在任何时代，不管有多么的黑暗，都会有人性的光辉在闪烁着；经典的影片也不会因为缺失色彩而让人觉得沉闷。★★★★☆ | 朝暮雪(50星): 连姆·尼森后来又演了《通勤营救》《空中营救》《飓风营救》，成为营救专业户。幸亏《辛德拉的名单》当年没引进，不然可能会被翻译成《辛德勒营救》。 | 杜扬Seatory(40星): 献给导演认真的态度和无数个小高潮 | 巴乌(50星): 我哭死算了我 | 雨果(50星): 辛德勒犹太人献给辛德勒的指环上写着：“凡救人一命，即救全世界。”当1100这个数字具化到一个个人名的时候，当片尾处影片中被救的犹太人原型出现时，才能真真切切地体会到指环上的那句希伯来经文的深刻。 | Tilda Li(50星): 这类片子，在我的概念里，和读书时四大名著同等级别，大部头，轻易不敢触碰，一旦决心看就要掏心掏肺100%投入。很辛苦。看完都像心灵负重走了长征。平庸之恶也许只是借口。真的猛士敢于面对人性的黑暗与软弱，敢于跳到体制中做出自己的选择。像伟大的犹太裔导演斯皮尔伯格致敬。 | 孔雀鱼(40星): 辛德勒的名单，当时我看成希特勒了，还以为是间谍片，后来看了发现是救赎片。二战时期的片子大多是在救赎和摧残中纠结。日光之下再无鲜事。不过不能否认影片很不错。 | 快乐人生(50星): 斯皮尔伯格，犹太人，世界最著名的导演之一，他通过黑白映像把第二次世界大战中德国纳粹犯下的滔天罪行传播到世界各地，那段对犹太人灭绝人性的杀戮终于大白于天下。
苍天悲悯，辛德勒名单内是生命，外是死亡，他为此倾家荡产，1100犹太人得已生还，也记住了辛德勒这位伟人。"
12,忠犬八公的故事,Hachi: A Dog's Tale,导演: 莱塞·霍尔斯道姆 Lasse Hallström   主演: 理查·基尔 Richard Ger...,9.4,1543706,,https://movie.douban.com/subject/3011091/,2009,93分钟,剧情,tt1028532,"倪娜(40星): 被狗狗的一往情深击倒，和老公两个哭得稀里哗啦。今天抱着家里的狗亲了一天。 | malingcat(50星): 八公的主人，也在天堂的门口等了它很久吧。 | 汪拾叁(50星): 这真是漫长的一生啊，八公。 | shu(50星): Hachi就是爱一个人过一生了。 | farmyra(50星): 动物是我的死穴...从头哭到尾.. | 神迦乐小舞(50星): 这是我所看过的关于狗狗电影最感人的一部，我想它的成功之处就在于将重点正确放至在了对Hachi内心的刻画上，而没有像其他一些影片文不对题，偏偏喜欢渲染一些多余人物的情感，很显然，主题对了，观影者自然而然会买单。 | 影志(50星): “永远都不能忘记你所爱的人” 狗尚如此，人何以堪？5星给动情的真实故事。 | Y(50星): “等有一天它会给你捡球的时候，一定有什么特殊的理由” 八公用这种方式来告别了他的主人.... | 玉米鸡蛋小笼包(50星): 纸巾抽到还剩最后一张 | Kelly光。(50星): 哭死啦...想去涉谷看看那尊雕像...by the way,那个帅老头我好喜欢...!!! | 塔塔(50星): 这次不是拉布拉多，不是金毛，是默默无闻的秋田犬~在电影的最后部分我哭的稀里哗啦，意气风发的八公老了，脏了，以前不怎么喜欢他的女主人抱着它感动的流泪，大雪纷飞的夜里因为有火车来了八公又在等，似乎是回光返照般的看见男主人一如从前那样从火车站里走出来张开双臂要拥抱他~其实狗狗什么都知道 | 饭岛蜗牛(50星): ....明早眼睛又肿了 | chaaaaad。(50星): 狗比人更有情意。我们若是怀念一个人，也许只有短短一段时间。 | ゛婷滞吥偂﹏(50星): 任泪纵横。。。 | bekey(50星): 手法细腻独到，却又慢慢渗入人的情感，感动、悲痛、泪流，直至成伤。这个世上最厉害的武器，从不是伤害，而是温暖，你的心都掏空了。而我们又甘之如饴，我们终究是孤独的个体，需要爱和暖。"
13,海上钢琴师,La leggenda del pianista sull'oceano,导演: 朱塞佩·托纳多雷 Giuseppe Tornatore   主演: 蒂姆·罗斯 Tim Roth / ...,9.3,1880126,,https://movie.douban.com/subject/1292001/,1998,120分钟(国际版),剧情/音乐,tt0120731,"Zuschauerin(40星): 我总觉得这是一个真实的故事，因为他的懦弱，懦弱得真实。 | boliang(30星): 给大众看的艺术家电影，很多煽情与细述很不必要，但是很多人喜欢 | 隆咚锵(50星): 某一天我突然明白，他不能离开的不是那艘船，而是那片养育他的精神家园 | 杜边生(50星): 如果我把吉他练熟了，就可以不用买打火机啦 | 杜扬Seatory(50星): 每个人的心里都有自己的一艘船 一个近乎偏执的小归宿 只是因为它让我们感到实实在在的安全 不致无枝可依。 | 朝暮雪(40星): 生于汽笛哀鸣的烟雾，葬于钢铁悲歌的烈焰，弗吉尼亚号邮轮见证了一个从未被尘世记录的名字。
第一次放弃下船，他在舷梯中央折断追梦的脚步，任咸涩海风卷走唾手可得的财富与盛名。第二次放弃下船，他拒绝命运的赦免，让灼热火焰吞噬血肉之躯。
当世人把音乐锻造成竞技场的刀剑，琴键间翻涌的浪涛早已淹没世俗的评判标准；
当投机者企图将他的才华锻造成金币，他宁愿折断音符也不让音乐沦为欲望的囚徒。
在无限延伸的钢铁森林里，他选择固守有限的琴键——唯有在方寸之间，才能弹奏出真正的永恒。
当邮轮化作废墟沉入海底，他终于拥抱了永恒的宁静。生于海，葬于海，他用八十八个琴键丈量出生命的辽阔。
人可以离开甲板，却永远走不出心中的汪洋。在那片蔚蓝深处，有钢琴在歌唱，有月光在流淌，还有未曾拆封的情书在时光里轻轻摇晃...... | 明珠一颗孙小美(50星): 最喜欢的电影，喜欢，不是之一，而是唯一 | 寂地(50星): 又是一定该看的，只在自己的世界里坚持自己的人．哪怕生命就这样消逝．只留下一点声音的碎片，１９００，也许我们都一样害怕脚踏实地的生活，害怕乌烟瘴气的世界． | 眠去(50星): 我就爱他说，fuck the regulations!! | 幕天席地(50星): 键盘有始有终，你确切知道 88 个键就在那儿，错不了。它并不是无限的，而你，才是无限的。你能在键盘上表现的音乐是无限的，我喜欢这样，我能轻松应对，而你现在让我走过跳板，走到城市里，等着我的是一个没有尽头的键盘，我又怎能在这样的键盘上弹奏呢？那是上帝的键盘啊！ | 诸葛若见(50星): 每天睁眼，去面对这个世界都需要勇气。 | 岁月如歌(50星): 当一个人习惯了孤独，那么让他融入人群等于杀死他 | 夏小暖(50星): 很多年前看的时候怎么都不懂1900为什么不下船，今天下午重新再看了一遍，居然特别感同身受。其实，我也从来没有下过船。 | 石头星(40星): 尤记得男主在船舱里弹琴，望着甲板上的姑娘，画面、音乐、意境如梦如幻，还有斗琴那一段。但是明明进一步就可以海阔天空，非要退一步万劫不复，孤独着自闭着，害怕离开旧时的生活，无论如何不支持这样的选择。 | 事儿妈(40星): 对于一个父母不详的孤儿来说，汪洋大海之中只有那艘船是他唯一的依靠，这艘大船已经不仅仅是他能证明自己价值的舞台，更是他的整个世界。离开了大海和大船，他的整个世界便立即崩塌，这便是他完全走不出那艘大船的原因。"
14,疯狂动物城,Zootopia,导演: 拜伦·霍华德 Byron Howard / 瑞奇·摩尔 Rich Moore   主演: 金妮弗·...,9.3,2321072,,https://movie.douban.com/subject/25662329/,2016,109分钟(中国大陆),喜剧/动画/冒险,tt2948356,"悄悄(50星): 看过了这一部，我好像能够更坚定地说我会当迪士尼一辈子的粉丝。迪士尼给我们营造的乌托邦就是这样，永远善良勇敢，永远出乎意料。 | 黄青蕉(40星): 港真，面对人家动画片里连一把椅子扶手上的铝合金划痕都做得活灵活现的态度，咱们就默默低头学就好，不要一天到晚吹“国产视效大片”这个概念了，略尴尬 | Digit Fungi(50星): 无论是人设，世界观，动画制作，还是剧本，都挑不出毛病来啊啊啊！！细节多到爆！！好幸福！！！！>w< 最难能可贵的是配角们的人物性格和形象设置都非常饱满（教父梗好惊喜>< ） 虽然是动画，但是剧本还是隐射很多人类社会的种族问题，以及政治两党上位之争的问题。另外我狐Nick的眼神是在太苏了TwT... | 影评终结者(50星): 完爆冰雪超能头脑，动物再次证明了动画片不止是给小朋友看的，而是全年龄段和世界级的，尖端数码特技、新意剧情、老梗新用搭配萌Q画风，乌托励志、搞笑温情、自然销魂、阴谋反转，用动物来映射人类，涉及种族歧视和两党斗争，无论从制作技术还是政治倾向或是社会意义来说，基本锁定今年奥斯卡最佳动画 | 羚羊的灵魂(50星): 做冰棍那机智的不像话！！！全片最爱！！！想吃！！！ | 桃桃林林(40星): 不仅是个小孩子玩玩闹闹的喜剧动画，成年人同样可以很享受这个故事。一个动物的乌托邦，理想与现实。有一个有趣的案件，又有很多关于人类世界的暗喻与指涉，还有教父或毒师这样的小梗。以及狐狸和兔子都那么可爱，那么搭。 | 云淡风轻(50星): 不要看任何影评，如果可以预告片都别看，直接买票就好了。你要啥这电影里有啥！ | tina(50星): 赞 看完赶脚世界都美好了 | 诗人橙子(50星): 绝对的好片子 裂墙推荐。实在是因为另一场满了…随手挑了这个片子。真是5分钟一小笑 10分钟哄堂大笑。看那个又懒又慢树獭简直要锤墙了。旁边法国妹子精辟的吐槽！看！这是我们法国人。我要憋到内伤了。最后散场大家都静坐着等着整首歌放完…五星好评。2016年度十佳。 | 小斑(40星): 故事流程对小盆友来说不艰深对大盆友也不无聊。树懒那段，跟法国公务员打过交道的都会心一笑。兔子的微表情做得很棒。然而对所有的群体标签统一嘲讽的结果就是下意识也贴了标签（比如狐狸必然聪明却捞偏门，兔子一定是繁殖癌，猛兽全是雄性，etc）。最后，可惜世界不是一部迪斯尼出品的动画片。 | 方形月亮🌙(50星): 想嫁给又吊儿郎当又酷得不像话的狐狸先生。
自认为是奥斯卡长篇动画的有力候选。
啊啊啊，真的好好看，我要去二刷。 | Marcus(50星): 赞到惊人，大迪斯尼动画一年比一年精彩！朱迪只身去陌生的大城市追梦，让我又追忆起自己那美好而充实的留学生活了。Sloth们的每次出场自己都要笑到面瘫了！而朱迪跟尼克哭着道歉的那段我也跟着哭了，朋友之间有时候就应该这样把脸拉下来好好道歉！总体反映的各种社会现象以及政治问题都很贴切到位。 | CharlesChou(40星): 对比Frozen又是一次进步，但迪士尼家的反转还是太好猜，在最明显的线索被披露前真反派其实就已让人隐隐有种感觉。但抛去这点不看整部电影的主题和执行都堪称模范，还顺带早早地贡献出了今年最佳CP。""You know you love me.""(整个人在椅子上被苏晕 | ✿Suda✿(50星): 超~~~~~~~~~~可爱的。大眼睛看得我都化了。一想到未来狐狸跟兔子可能有感情戏，我就hhhhhhhh。那只长耳朵的狐狸和那群二哈狼是我的笑点！！！ | 亵渎电影(40星): 好莱坞这套讲故事的模式可以把全世界都吃的死死的。"
15,三傻大闹宝莱坞,3 Idiots,导演: 拉库马·希拉尼 Rajkumar Hirani   主演: 阿米尔·汗 Aamir Khan / 卡...,9.2,2079219,,https://movie.douban.com/subject/3793023/,2009,171分钟(印度),剧情/喜剧/爱情/歌舞,tt1187043,"私喜(50星): 看了这部电影是我2010年最幸运的一件事 力荐！ | 少年 遊(50星): 这几个月来看过的最好的片——”做自己“，也许才是人生终极的成功。别总嘲笑印度人”阿三“，他们已经追上来了，无论经济、科技还是我们一贯认为只会跳舞唱歌的宝莱坞电影。盛赞！5+1星！ | 玲珑(50星): 当你不断追求卓越，成功就会不知不觉追赶你。害怕明天，怎能过好今天呢？心很脆弱，我们要学会哄它。鸡不会知道蛋的前程。学习是为了完善人生，而非享乐人生。只为生命而感激。朋友失败，你难过，朋友成功，你更难过。一切顺利。 | Piper(40星): 【温馨提示：请忽略这傻逼名字.不然你会错过一部好电影】1、病毒的鸟巢飞来了一只自由之鸟；2、Ta有没有告诉你,朋友就是给你一枚硬币教你自己独立做出选择的那个人.这个人才是你最大的财富 ：） | 妖灵妖(50星): 它又吵又闹、又臭又长，但我想不出什么理由不给它五颗星。 | 桃桃林林(30星): 虽然收入不多，但一直在做自己想做的事情，所以我也很快乐 | 恶魔奶爸Sam(30星): 你以为这是一部励志片，你以为这是一部教育片，你以为这部电影探讨了友情，教育和社会，其实这是一个玛丽苏的故事，龙傲天一般的男主，遇到的都是老派抗战片里面的敌人，轻松的念着咒语all is well，当上科学家，迎娶白富美，走向人生巅峰。套用人民日报的话，连三傻这种电影都觉得好，这人得多没见识 | Q。(50星): 一部讽刺社会现象的电影都可以拍的这么轻松，喜剧里还可以有这么多闪光的慧言慧语。情节确实太过随意，下一秒的夸张总是来的让人啼笑皆非，无可奈何中却仍旧乐呵呵的接着看下去。 末了的那段风光让我无比钟情！★★★★★ | Lan~die(40星): 如果有一天你变成了奇怪的家伙，生活于恐惧和虚假之中，就念重生的咒语“All is well”，狠狠地给这个世界一脚！对鼓励别样人生价值和给人梦想的片子我是举双手赞成，何况从头到尾都拍得这么欢乐。台词：“朋友是男人最大的胸部”、“你这么害怕明天，又怎么能过好今天”。 | 大力麦(50星): 阿米尔·汗你是个天才！！！ | Quentin(50星): 活在当下，不记得失，以无为之心做有为之事，你收获的会是比物质更珍贵永恒的生命体验。 | 烨色正浓(50星): 该片的中文翻译太烂了，差点就错过欣赏一部好作品了。
兰彻一直在给大家灌输的一种理念就是：简单生活，遵从心声，为自己而活。 
的确，他让朋友们重新认识了自己和所要坚定的方向。
很喜欢片尾的那片湖泊，不知道是在哪里呢？ | 顾盼(40星): 兰彻和他的朋友成功了，做了自己喜欢做的事情。反派同学也完成了世俗上的成功。第一次看的时候我不喜欢反派同学，觉得他自私，愚蠢。重温了一遍之后，发现他其实也很努力。 | 影志(50星): 近三个小时的片长，却没有一个多余的情节，剧情前后呼应之巧妙值得称奇。好电影不一定要苦大仇深，能真正愉悦观众，那也是一种巅峰。“做一名摄影家又会怎样呢？挣得少一点，房子小一点，车小一点，但我会很快乐，很幸福……紧跟你的天赋。” 温暖励志美妙如2010年的《天堂电影院》+《阿甘正传》 | 天问(50星): 很棒的印度电影，这当中一样的可以看到中印相似的教育体制与贫富阶层问题。轻松、暴笑、热泪中感受积极人生的力量。梦想与事业，做我们喜欢的事情，是成就的不变真理。"
16,机器人总动员,WALL·E,导演: 安德鲁·斯坦顿 Andrew Stanton   主演: 本·贝尔特 Ben Burtt / 艾丽...,9.3,1494098,,https://movie.douban.com/subject/2131459/,2008,98分钟,科幻/动画/冒险,tt0910970,SWX(50星): 这是一只安卓和苹果的故事么。。 | 徐小花(50星): 把所有的好东西都给eva | 岛上的夏奈(50星): 浪漫得一塌糊涂，像废墟中开出的花，像牵手散步的下午，像世上所有伟大的爱情。 | Ragdoll™(40星): 乡下文艺小伙儿追求都市女精英的故事……以及…… | junepig(40星): 清纯乡下少男与前卫暴力冰美人的爱情故事啊～xixi | 眼角的花朵(40星): 人类在这个片子里面是处于完全被嘲笑的位置。（其实应该说美国人？）片中的超大型连锁企业BNL在未来已经统一了所有的商业领域。而人类堕落成完全依靠电脑的帮助才能吃喝拉撒的胖子们。而且从小就接受电脑的教育要消费消费再快点消费。这个世界虽然没有Matrix的灰暗，但是其实相差不远。好在人类并非丧失了本性，只是“遗忘”了而已。而Wall E和Eva的出现就提醒了他们还有一个“家”，虽然已经满目疮痍，在等待着他们的回归。 | 眠去(40星): 没有引进真是太遗憾了。 | 海心(50星): 很久没看过这么可爱的动画片了。瓦力什么都不会说，除了那一声声执拗的：Eve！他们在星空画出美丽的弧线，他们无意间守候了一份真正的爱情。 | lenlen(50星): 我看哭了。。。 | 美丽新世界(40星): 地球上最后一個收納歸類狂walle應該是巨蟹座吧。。 | 影志(50星): 再也没有比《瓦力》更美的动画片了！谈到Wall·E的来源，导演安德鲁·斯坦顿否认了“ET”或者“霹雳五号”的说法（尽管外形很像），他只承认自己创造Wall·E受到了“小台灯”（Luxo）、双筒望远镜、R2-D2、迪士尼乐园“星空之旅”的机器人、卓别林以及伍迪·艾伦的影响。 | 艾小柯(40星): 小瓦力，大人生 | Doublebitch(50星): 陈奕迅都为你唱歌了 | 🌞娘卷卷🌙(50星): 到底有多少人是因为《机器人总动员》这个烂译名错过它的！太出色的一部动画了，你找不到替代品的。默片，看似简单又非常复杂的设计，怎么那么棒，那么感人。 | 陀螺凡达可(50星): 堪称完美的动画作品。
17,放牛班的春天,Les choristes,导演: 克里斯托夫·巴拉蒂 Christophe Barratier   主演: 让-巴蒂斯特·莫尼...,9.3,1474409,,https://movie.douban.com/subject/1291549/,2004,97分钟,剧情/音乐,tt0372824,亂馬2/1(40星): 那漫天飘扬的纸飞机是我对你最诚挚的敬意。 | Kaito(30星): 不知道为什么，没多大感触。 | 高歌(50星): 纸飞机+挥动的小手——那一刻，什么都值了 | 沈书君(50星): 一个孩子在启蒙时期，能够遇到一位好的老师，真的是一件非常幸运的事情。 | 战国客(30星): 不知为何描写师生情的电影总能赢得人们更多的赞誉，每当片中即将产生一些不可调和的矛盾时，总会有一个“坏人”忽然间良心发现，或者是出现一个意外事件，从而让矛盾很轻易就化解了。一切都来得太过戏剧性，很机缘巧合，却实在是很假很突兀，无法让人信服~~ | Jumpingtigger(50星): 星期六，贝贝抱着小熊跟马修老师回家了！QwQ | A-sun*(50星): 莫翰奇每一次独唱我都热泪盈眶. | 大头绿豆(50星): 体育和音乐是促进国家团结的要素。可是俺都不会哈哈。 | Q。(40星): 这是一次心灵的洗礼，没人生本向恶，只是无情的手把人推向了无尽的深渊。Morhange每一次天使般的独唱，总让我感动的浑身直起鸡皮疙瘩，特别是那纸飞机从窗口飞出，“感谢、再见”的小手一挥，那份感动，不言而喻。而最重要的，看这部电影不仅是好“看”，天籁的童声更是听觉的享受。★★★★☆ | 木由(50星): 所以我一直坚信最好的教育人才应该放在学前教育和初等教育。小学老师对孩子的未来产生的影响远大于大学老师。可现状却是，大批自己都没学会怎么做人的人被随随便便扔到了小学、初中做老师，放纵霸凌，根据权势财势“因材施教”，惩罚性教育，把孩子逼上绝路就让天性不良背锅，呸。 | 老鸡｜扶立(40星): 男孩的声音真是好听…… | Doublebitch(50星): 歌真好听，为什么我上学内会儿参加合唱队唱的都是《黄河大合唱》之类的 | 小米=qdmimi(50星): 看到激动地直起鸡皮疙瘩，看来总有那么一种类型的东西能感动本人 | 松如(50星): 马修先生好可爱。 | 赫恩曼尼(50星): 一位影评人：“不同于一般的运用悲情拼命煽情的悲情电影，或极尽夸张搞怪的爆笑喜剧，《放牛班的春天》是一部让人因为喜悦而泪流满面的电影。这也创造了法国电影新概念——阳光情感电影。这部没有美女、暴力；没有动作、凶杀和商业元素的好电影成为了本年度法国人的心灵鸡汤”
18,无间道,無間道,导演: 刘伟强 / 麦兆辉   主演: 刘德华 Andy Lau / 梁朝伟 Tony Leung Chiu W...,9.3,1565927,,https://movie.douban.com/subject/1307914/,2002,101分钟,剧情/惊悚/犯罪,tt0338564,momo(40星): 刘嘉玲说：当年拍无间道的时候梁朝伟每天只开工三四个点就回家，拍了二十多天就拍完了，之后就是获奖无数。演戏这种事，不得不承认是有天赋的。 | 隆咚锵(50星): 牛就牛在，他让所有演员都达到了巅峰 | XAr(50星): 当年我深刻的爱上了梁朝伟同学 | 刘小姜(50星): 最后那一下爆头，刘德华和梁朝伟的眼神里都是震惊，他死在电梯里，电梯门来回的开关，我们也从震惊中恢复，觉得残酷，谁说的，好人有好报，那些为民除害的，都死了。会有人惦记着他们吗？把他们视为英雄吗？又有什么用呢，这个社会还不都是恶人当道。 | 小罗伯特唐寅(50星): 现在看来，无间道一部电梯里挤了三个影帝，这部电梯也算是前无古人后无来者了。 | 影志(50星): “出来混，迟早要还的。” 别说，这种港片老爸老妈们已经欣赏不了了，就连弟弟一起看都没坚持看完，哎，我说，片子都这么牛逼了，对你们来说却成不了经典，叹息。 | 掀桌超人(40星): 看了美版的，才知道港版有多好看~55555555 | 曾于里(50星): 怎么形容梁朝伟的分量呢？就我个人来看，影坛少了一个梁朝伟，就等于少了一百个刘德华。 | 欠揍的我(50星): 常看常新。我认为无间道里最精彩的设计之一，就是陈永仁从头到尾都没有一丝丝动摇，站在巷道里冲着警司的灵车敬礼那一刻，闪耀着强大又微弱的人性光辉。 | Doublebitch(50星): 港片新旗帜 | 伍德与夏洛蒂(50星): 港片的里程碑 | 同志亦凡人中文站(50星): 一气呵成。梁朝伟的眼神令人揪心。 | 巴喆(50星): 重新对香港电影刮目相看，它从哲学的角度深入质问人性，去感受身不由己之下的那种窒息，感受贪婪与自私，体验善恶的痛楚纠结。剧本相当出色，梁朝伟的陈松仁直接神化，所有的角色都可圈可点，没有一出多余的地方，以至多年后看美版的时候仍然不忘旧爱。这是港片的里程碑。9.3 | xl(50星): 很棒。但有个剧情较愚蠢，梁朝伟发现刘德华卧底身份时，为什么走人了？好歹装一装，等身份恢复后再揭穿刘德华啊。 | 白开水(40星): “《无间道》拍得相当好，但是再好也已经没有当年港片热气腾腾的生命力了。不知是拍的人变了，还是看的人倦了。《无间道》的前传后续也声势闹猛，它似乎可以打破港片沉沦的僵局。但是，它更像一具艳尸，妆扮得精美绝色，但终究是死物。”网上的这段评论深得我心。
19,控方证人,Witness for the Prosecution,导演: 比利·怀尔德 Billy Wilder   主演: 泰隆·鲍华 Tyrone Power / 玛琳·...,9.6,744021,,https://movie.douban.com/subject/1296141/,1957,116分钟,剧情/悬疑/惊悚/犯罪,tt0051201,沉歌(50星): 男人贪心，女人贪爱 | 又烧包小队长(50星): 这片最大的反转不是影片末尾的谜底揭晓，而是看完影片后我查到女主角拍摄时已经五十六岁了。昏迷。 | 般若死火(50星): 好片遇上好字幕~爽 | XA™(50星): 五星级结局，难以置信这是1958年的黑白电影！ | 黄青蕉(50星): 比利怀德真的是各种意义上的领先时代五十年，连防剧透声明都领先了 | 大奇特(Grinch)(50星): 查尔斯劳顿简直是戏精！比利怀德的电影和阿加莎克里斯蒂的小说都是在结尾峰回路转，此片简直是两位大师珠联璧合的杰作！ | 丁一(40星): 律师三寸舌，妇人宫心计，两者皆不敌，最坏男人心，花心郎算尽太聪明，反算了戚戚性命 | 桃桃林林(50星): 阿加莎·克里斯蒂的精妙情节配上比利·怀德的风趣对白，以及查尔斯·劳顿、玛琳·黛德丽、泰隆·鲍华等人的精彩表演，几近完美的电影。不老的玛琳·黛德丽，又被感动了，真棒。 | 花儿果果(50星): 又是让我尖叫打滚的经典佳片！绅士又纯青的表演，奇妙而精巧的情节推进，幽默且风趣的细节，当然还有巧夺天工的结局！尽管后来的电影常常窥见模仿此处环节之处，但查尔斯劳顿、玛德琳黛德丽和比利怀尔德终究是无法复制的！ | jiyun(50星): 诙谐的对白，严谨的思路，一心要把观众往沟里带的情节。ps:我觉得那个女仆的表演也很不错！ | 影志(50星): 抱着对法庭题材的偏见去看，没想到竟是一部够回味好几天的片子，不仅仅因为惊艳的结尾，整部戏就像让观者身临其境一样，思其所思、忧其所忧，黑洞一样的剧情吸引着人，最后把你完全裹住、迅速吞噬。演技、导演、编剧真是惊为天人。第一部怀德片。 | 沉舟侧畔luu(50星): 最后Christine精准打击渣男一刀致命，真是比那些只知道揍小三然后原谅渣男的女人高了不知道多少级👊 | da(50星): 我就猜到一个反转，就是他妻子可能故意做假证，结果最后十分钟又反转了一下，而且和之前的那些真正的证词全部对应起来了，从那个年轻女子坐在旁听席上哭起来说自己第一次碰到这种庭审，结果那个年轻女子果然和被告有一腿，结果正当我在想法律可能结果不了一个畜生了，这时候他妻子爽快的给了一刀。 | 贝果在唱歌(50星): 当我翻看古代先贤们的著作的时候，我就已经意识到了，今天文明所达到的高度只是积累的结果，但从智力而言，这几千年来，人类其实没有什么变化。同样的道理，抛开所有技术的更新，从智力的层面看，这部六十多年前的电影，仍然是登峰造极的作品啊。。。 | gift(50星): 电影结束我回想了一下，全程女主竟然没有做过一句伪证。然后去查询了女主的生平，心情只有结尾大律师的一句话可以概括：“What a remarkable woman!”
20,寻梦环游记,Coco,导演: 李·昂克里奇 Lee Unkrich / 阿德里安·莫利纳 Adrian Molina   主演: ...,9.1,1990533,,https://movie.douban.com/subject/20495023/,2017,105分钟,喜剧/动画/音乐/奇幻,tt2380307,"shininglove(40星): 老人不图儿女为家做多大贡献呀，一辈子不容易就图个团团圆圆。皮克斯替蔡国庆唱了回春晚。 | 下雪了没有(50星): 广州试片会。主持人在现场透露：Coco原本涉及到亡灵题材，是不能引进的。但是在过审时，当场看哭了所有广电审查人员，so破例让过了。。。 | 西楼尘(50星): 供奉的遗像是牵引家人回家的通道，驻留的记忆是保持亡灵存续的神力，热闹的音乐是唤醒思念启封的药引。我为你写了首歌，穿越浩瀚的岁月烟尘，捱过冰冷的孤独冬季，横跨漫长的天人之路，在你老去的时候，唱给你听。这瑰丽的灯火万家，摇曳的烛光千盏，不如你梳着麻花辫坐在床头时，眼里闪烁的星光璀璨。 | 小站(50星): 邻座的女孩哭倒在我怀里啊电影多么美妙！ | 美嘉.rar(50星): 我们是人类的一分子，而人类是充满激情的。医学、法律、商业、科技，这些都是崇高的追求，足以支撑人的一生。但音乐、诗歌、梦想、情感，这些才是我们活着的意义。 | 小九儿(50星): 11月1日亡灵节当天，墨西哥城的影院里，隔壁座儿的小男孩画着鬼脸儿穿着骷髅服，老奶奶抱着万寿菊，举家一起看coco。生活与动画交叠而映，感慨又感动，炫目又泪目。这才叫文化输出，好羡慕，好嫉妒。（ps：盖尔加西亚~不枉爱了你十余年）（pps：开场前送了20分钟冰雪奇缘番外 ，以为走错片场） | Kirara酱(50星): 人有三次死亡。第一次是生物学的死亡；第二次是社会宣布你死亡；第三次是最后一个记得你的人离开这个世界。
想念上个月去世的外婆，想念老爸，想念所有离我而去的人们。
后悔没带纸，平复了半天情绪最后离开放映厅。。。 | 桃桃林林(40星): 亲情催泪弹。所以，动画会不会好看，除了技术，更重要的还是如何讲好故事，把感情放进去，借作品把情感传递开，包括这部以及头脑特工队等很多能成功，皆是如此。不过，有些人似乎总是搞不懂这件事。 | 白井黑子阿尼娅(50星): 第一次觉得死后世界通往人间的万寿菊之桥和七夕鹊桥是一样的原理，爱不分种类是共通的，相见是因为想念，存在是因为记忆的力量。而只有墨西哥人能有欢乐的能力把悼念先人的节日过得如此五彩斑斓。欢迎有女儿的爸爸来影院哭一哭。亡灵节海关大厅井井有条，效率极佳!拒绝寂静的死后世界，我们要喧嚣! | 你虎哥(50星): 满分。毕竟我已经很久没有看个电影哭得像个小孩子了 似乎大家又要说起那句老话：电影是绝佳的造梦机器。那些回不去的家乡 没能守护的家人也只有在梦里相见。 | 阿德(50星): 不得不服皮克斯，一边和你探讨梦想、成功、家庭的意义；一边用各种充满想象力的情节、画面、音乐，让你叹为观止；这样的电影，怎能不爱。（家长指导：6岁以上推荐看，虽然有亡灵情节，但这可是一个关于爱的故事。） | 眠去(40星): 1、对不起，梦想和亲情永远不该对立。男孩最后怎么就能主动放弃了呢？2、我爱这个死亡和分离的故事，感谢皮克斯，将墨西哥的亡灵节变成了温馨的生之欢喜。3、依然催泪，但你流泪了，不代表这就是一个好故事。泪水不该廉价。 | 北溟鱼(40星): 散场时候一个人坐在位子上哭成一两百斤的狗子 电影里误会能解除 欺世盗名的会得到惩罚 家人会不论生死在另一个世界团聚 但那是电影了 电影有个好结局 但人生没有这样的好事情 | 亵渎电影(40星): 这可能就是传说中的好故事吧，看似一切都在按照套路推进，但之后剧情随便翻几翻，就能赋予故事强大的情感力量。 | Rilkelee(30星): 漫天好评太夸张了吧。。。Pixar的叙事与价值观内核真是愈发俗套保守了，这还真是个全世界都要回归家庭本位的年代咩。。。"
21,大话西游之大圣娶亲,西遊記大結局之仙履奇緣,导演: 刘镇伟 Jeffrey Lau   主演: 周星驰 Stephen Chow / 吴孟达 Man Tat Ng...,9.2,1710272,,https://movie.douban.com/subject/1292213/,1995,95分钟,喜剧/爱情/奇幻/古装,tt0114996,"罗弘霉素(50星): 一遍烂，两遍笑，三遍哭 | 仲楚(40星): 紫霞仙子眨眼的一瞬惊艳，无忧无虑的至尊宝。
至尊宝面对现实的两条路:
不成大圣，我无法救你。成了大圣，我无法爱你。 | Mona Lishark(50星): 有人跟我比赛背台词么 | woodYA!!en(40星): 鲜花虽会凋谢，但会再开。一生所爱，隐约在白云外。苦海翻起爱恨，在世间难逃避命运。相亲竟不可接近，或我应该相信是命运。 | 眠去(50星): 为什么越看越觉得悲伤 | Lan~die(50星): 经历过和正在经历着悟空式的命运和紫霞式的爱情，才发现生命的本质是以最低的姿态出现的。英雄？你为什么不问问做英雄的代价？  
“想不到经过这五百年，我要找的并不是她，而是你。”人生际遇真是难以言喻。 | 游牧人(40星): #电影院#  第二部就这样活生生地把周星驰塑造成了千古情圣，句句台词都催泪。反应了初恋之后男人遇到真爱（挚爱）的复杂心理。至尊宝其实真的很心软也很善良，怎能因为紫霞流了一滴眼泪就爱上了她，我到现在都还喜欢白晶晶啊。 | 小锡兵(50星): 我猜中了开头，却猜不到这结局。/ 20141024 在影院哭死 | 影志(50星): 任何时候任何场合都可以再看一遍的电影 | Miss Lucky(40星): 其实很伤感 | 康报虹(50星): 坐我旁边的那个年近四十、西装革履的男人从电影刚开始就止不住眼泪，有些地方哭着笑出声。而他的年轻女伴从开头就一直低头玩手机、到经典场景就煞有介事地拍张照片、不到一半时一直嚷嚷着无聊，硬是把那个男人拉走了。 | 凉水(50星): 紫霞飘向太阳时、齐天大圣离开城门时，都哭成了傻逼。有多庆幸能踩着五彩祥云做你的盖世英雄，就有多遗憾没办法与你守护终身。喜欢的是五百年前的晶晶、还是给了自己三颗痣的紫霞；喜欢无拘无束敢爱敢恨的至尊宝、还是套上紧箍咒背影像狗的孙悟空？爱的命题究竟太空泛，恐怕还是要交给月光宝盒。 | 快乐人生(40星): 曾经有份真挚的感情摆在我面前，我不懂得珍惜，直到失去了才追悔莫及。人世间最痛苦的事莫过于此。如果上天给我一个再来一次的机会，我会对那个女孩说三个字: 我爱你，如果非要在这份爱上面加个期限，我希望是  ...一万年。 | 卷子乐子八子(50星): 一生所爱：我的意中人是个盖世英雄，有一天他会穿着金盔金甲，踩着七色的云彩来娶我。我猜中了前头，可是我猜不着这结局…… | 甜甜甜甜甜甜甜(50星): 小时候看着笑，长大了看着哭。"
22,熔炉,도가니,导演: 黄东赫 Dong-hyuk Hwang   主演: 孔侑 Yoo Gong / 郑有美 Yu-mi Jung /...,9.3,1036595,,https://movie.douban.com/subject/5912992/,2011,125分钟,剧情,tt2070649,桃桃林林(40星): 我们愤怒的不仅是禽兽的行径，更是禽兽逍遥法外，正义无处伸张，无能为力才是最痛苦和绝望的。一个非常容易感动观众的题材，尤其还是真实事件改编。其实电影还有很多提升空间，包括对犯罪场面的描述太刻意未也太多了。但仍喜欢这样的电影，这才是电影应有的立场。这就是我们和韩影的差距。3星半 | 握不住的灵魂(40星): 《内咸》--鲁迅 | 落大雨了(40星): 我在想演戏的小孩子会不会有心理阴影 | C°(50星): 他们至少有电影的力量在支撑着弱势群体，而我们呢？因为【熔炉】的上映，一部关于【性暴力犯罪处罚特别法部分修订法律案】目前已通过韩国国会正式颁布，当时的嫌疑人也已被警方逮捕，【熔炉】让我们看到一部现实题材影片所蕴含的巨大能量。有时候一部电影真的可以改变一个世界！ | 茱湮河(50星): 想起一级恐惧的片头台词来：想找公平就到妓院，想被人干才到法庭。深雾中到处是颤栗的呻吟。 | 又又(50星): 這個世界的絕望在於，眼睜睜地看著那麼多的不公不平每天都在身邊發生，自己再怎麼努力卻依舊無可奈何；而這個世界的希望也在於，明知是蚍蜉撼大樹，卻還是有那麼一群人執著地選擇了這一條艱難而幾近不可能的路。 | qw-p(50星): 我们无法改变世界，但我们可以选择不被世界改变... | Doublebitch(50星): 当邪恶的力量已经渗透至社会的每个角落尤其是当权者手中，我们还他妈向谁去央求公平和自由 | 白发生(50星): 大概只有套用《让子弹飞》里的一句经典台词才能略为表达我看完本片时的心情——震撼！震撼！！还是TMD震撼！！！我可以理解部分人站在纯粹艺术的角度对这部电影技法上的乏善可陈评头论足，但是我无法相信有人面对它由始至终散发出的那股震撼人心的力量时居然能做到完全无动于衷。 | 阿巴厮(50星): 不说别的，光电影那股正义的力量，就足以让人沸腾。 | Q。(40星): “奋起反抗不是为了改变这个世界，而是为了不让这个世界改变我们。”电影以真实故事改编，又一部极其精彩反映社会阴暗的题材。每个人物都刻画的立体丰满，情感同样控制得当，无力感充斥全身。电影完结，愤怒、无奈、唏嘘、悲伤各种情感如同“雾津”的浓雾一般，久久未能飘散，始终萦绕心头。★★★★ | 王大锤家属(40星): 好感人啊''''看得我都想杀了那些坏人'''' | 齊克斯尼力佐飛(50星): 不能用电影的标准来评判它，因为这事件本身已经震撼得出一身冷汗，能拍出来就是已经了不起的事。 | niania兔(50星): 孔侑在里面对自己的母亲说：我在她被性暴行的时候来不及去阻止，现在这些孩子需要我的时候，我怎么能袖手旁观呢？如果这样都做不到，我又怎么能当一名合格称职的父亲~ | 大鼻先森(50星): 我有一个长长的望远镜，一直能伸到你的家里，你说什么做什么我都能看得到。
23,触不可及,Intouchables,导演: 奥利维·那卡什 Olivier Nakache / 艾力克·托兰达 Eric Toledano   主...,9.3,1296679,,https://movie.douban.com/subject/6786002/,2011,112分钟,剧情/喜剧,tt1675434,桃桃林林(40星): 音乐真棒，看到最后有些意犹未尽。很舒服的电影，故事有趣又会带些感动。两个完全不同世界的人，因为教育、知识、习惯等各种不同造成情节冲突及笑料；而彼此的影响和同化则是感动的部分。对于菲利普来说，有时需要的未必是小心翼翼的服侍，而是像对待普通人一样的无歧视对待。 | 张天翼(50星): 对残障人士最大的尊重，就是不要把他们当做残障人士。尊重比爱和同情心更高等级 | LORENZO 洛伦佐(50星): 我想每个人都至少有这么一个挚友，你和他/她在人生的拐点遇到，惊叹于彼此的不同或者相似，有过不少平淡无奇却值得纪念的时光，ta会将心比心，为你的哀伤扼腕，为你的快慰击节，更会在ta的心里，为你留下那么一块永恒的位置，任白云苍狗，风云变幻。 | 匡轶歌(40星): 开怀大笑一整场，最后却蓦然飙泪。身份、地位、财富、性格、教养、爱好、年龄，各方面皆如此悬殊的两人，磁场却契合完美。无论爱情友情，所谓好的、有爱的关系，是两个人都在关系里感到开心融合、自由释放、并因而成长。什么是灵魂伴侣？这，就是传说中的，灵魂伴侣。 | Dr希鲁鲁克(50星): 给领导做一万件好事不如陪他做一件坏事 | jiyun(50星): 今年看的第二部佳片。茫茫人海，两个截然不同的人相遇，你改变了我，我改变了你，相逢的人会再相逢。关于社会的贫富差距、青少年犯罪、种族歧视这些虽没有明说却在暗中映射，以此来烘托角色。富豪有钱却残疾不快乐，黑人贫穷却有一颗善良乐观的心。ps:Ludovico Einaudi的配乐很加分！ | 饭团(50星): 原声实在是棒！两个演员都很精彩 完全是笑声和泪水齐飞的电影！！！ | 晚安好运©️(50星): 某个人在不经意间走进你的生活，他和你不同阶层，不完美，甚至有不少讨人厌的毛病，但是长期的相互信任和理解成就了一段真挚友情，也给两个人的生活都带来了阳光。把德瑞斯的原型改成黑人使对比更强烈情节更戏剧化，也让这段超越种族的友情更感人。影片里乘着滑翔伞在山谷中翱翔那幕太美了…… | 思考的猫(50星): 乐而不淫，哀而不伤，碰到达到这种境界的生活喜剧是件幸事。 | psycho DC(50星): 黑&白，老&少，超越种族和阶级的友情，感人至深的温情，细腻动人的剧情，以及极赞的电影配乐，不禁让人想再次回味... | 浅苍(40星): 毫不基情的友情片！ | Nothing(50星): “铁生，踢球去！” | 司令(50星): 残疾高帅富与乐观男屌丝的旷世友情。 | 铃铛(50星): 有时，你必须进入别人的世界去发现自己的世界缺少什么。 | 白日美人_S(50星): 身边的人换了又换，最了解我的还是你。
24,教父,The Godfather,导演: 弗朗西斯·福特·科波拉 Francis Ford Coppola   主演: 马龙·白兰度 M...,9.3,1108019,,https://movie.douban.com/subject/1291841/,1972,175 分钟,剧情/犯罪,tt0068646,"大头绿豆(50星): 男人。
千万不要记恨你的对手，这样会让你失去理智。 | 账号弃用(50星): ""Because a man who doesn't spend time with his family can never be a real man."" | 刘康康(50星): 科波拉是有厌女症吧？这片子里的女人要么圣母得让人恶心，要么就傻逼得遭人烦，除了哭哭啼啼就是无理取闹。最后一个镜头，麦克成为新的教父，一道门隔开他的妻子，不是没有理由的。这是一个男人的世界。相对来说我最喜欢医院里那场戏，拍得相当有张力，第一场婚礼戏也喜欢。 | Kaito(50星): 讲述的是一个好孩子怎么变成老大的过程 | 私享史(40星): 当一个新生儿在教堂接受教父的洗礼时，教堂之外的死亡正在蔓延…… | 伍德与夏洛蒂(50星): 无论阿尔帕西诺多卖力，教父也只有一个，那就是永远的马龙白兰度。时代不一样，要走的路不一样，所以那个黄金时代，讲义气重家庭谈承诺的时代，永远回不去了。 | 布宜諾斯(50星): 男性电影，没有打动我 | 夏休(50星): 聪明的女人不会去揭穿男人的谎言，聪明的男人不会让女人知道自己在说谎。 | 同志亦凡人中文站(50星): N年前看过英文原著，只记得是个血腥暴力的故事，想不到电影可以如此沉稳和大气，有一种史诗气质。大银幕上看马龙·白兰度，感觉膝盖好疼... | ╯^╰(40星): 生活是这样的美丽。剧情什么的都很不错，但有一句话我不喜欢，好像是说男人需要考虑很多，承担很多，但小孩和女人不用。用觉得有点性别歧视的意味。 | deepwhite2333(50星): 这男人。。。牛逼又孤独吧。。 | bayer04(50星): 当全世界都告诉你某片特好，不去看是：不对的 | 闻人林(50星): 年纪越大，这个片打分越高 | 欢乐分裂(50星): #SIFF2014#三小时内群像毕现，人物笔墨浓淡均匀，无闲笔；很多场面的调度堪称伟大，环境、声音、布光、道具浑然一体，如医院换房间那段，剪辑得太好，百忙之中不忘特写教父眼角泪珠，动静相宜；如洗礼与杀戮并行那段剪辑，可谓惊心动魄，在喜悦和冷血交错中教父二代逐渐升华定格。 | 朝暮雪(50星): 黑帮片的里程碑，也是黑帮片的天花板。"
25,末代皇帝,The Last Emperor,导演: 贝纳尔多·贝托鲁奇 Bernardo Bertolucci   主演: 尊龙 John Lone / 陈...,9.3,1029682,,https://movie.douban.com/subject/1293172/,1987,163分钟,剧情/传记/历史,tt0093389,"李丝丝(未评分星): 难得用经典这个字 | 单线程青年(50星): 不偏袒的好片儿！一个进自己原来的宫殿还要买票的皇帝。 | Over5(50星): 有史以来一部最地道最出色的中国电影，居然，Made By Italian～ | 托尼·王大拿(50星): 尽管看一群中国人在屏幕上讲英语很是奇怪，但不能否认这是部出色的电影：它与国家无关，与王朝无关，这只是一个渴望自由却不得的人的编年史；""门""的意象被反复提及，寓意溥仪被禁闭的一生；贝托鲁奇娴熟的运镜，要人命的广角自然光，美妙的配乐。 | 疯眼穆迪(50星): 我觉得对于一个外国人拍的中国人物传记来说，它最可贵的不是那些对比强烈的色彩和镜头，而是他的态度，他对这个人物的理解，他并没有评判什么但是他把故事默默地摆在那里，到结束，你会一时觉得心情复杂，而且更重要的一点是，电影里不仅仅塑造了溥仪一个角色，而是通过细节也讲述了围绕着他的一些人的沧桑，这对于一个外国人来说，我觉得异常珍贵。虽然还是有些次要人物显得有些脸谱化，呵呵。。。CC版本，3小时38分。。。 | 猪头妖怪(30星): 别拿大师的名头来唬人，也别扯什么镜头和光影。通片给我的感觉就是生硬、粗糙、不自然，仿佛是一部巨大的木偶戏，一部蹩脚的舞台剧。除了视角和配乐，几无亮点。 | 影志(50星): 极致的美，极致的伤。音乐太灵，画面太精，原来早在1987年，外国导演就早于《活着》《霸王别姬》把20世纪中国历史拍的如此炉火纯青了…“我从未和家人分开过” 额娘，阿嬷，婉容，庄士敦，溥杰，皇宫…溥仪的一生都在告别，跟亲人，跟时代，跟历史，身不由己。@上海国际电影节 4k修复版 | 同志亦凡人中文站(50星): 贝托鲁奇镜头下的中国始终是存在于他想象中的红色国度。电影拍得过于西化了，但讨巧的用溥仪的命运承载了近半个世纪中国的变迁，进而阐释人与命运对抗的古希腊悲剧主题。如果说人的一生是不断失去的过程，溥仪无疑是失去最多的，因为他曾经拥有整个中国... | 木卫二(50星): 这不是你的错……这真的不是你的错。或许隔着银幕来看，溥仪的人生遭遇令人唏嘘，然而，比起前朝旧史的末代君王们，他这个退位皇帝已经算是得善终了。 | 囍夭夭(40星): 所有的离开你都赶不上，所有的门你都打不开。所有的人都是撒谎者。 | 西楼尘(40星): 他痛哭流涕追阿毛、失魂落魄追婉容，但始终追不回那昔日辉煌的时代。他反抗太监偷窃文物、反抗日本傀儡操控，但终究反抗不了自己跌宕唏嘘的命运。他做了一辈子囚徒，在紫禁城在满洲国在抚顺管教所。终于买了张观光票，在赤色余晖中蹒跚进入太和殿。须臾一世，只有那皇座下藏着的蟋蟀，还认得他是帝王。 | 邓安庆(50星): 太寂寞太寂寞了，这样一个孩子从小到大都是寂寞的，好不容易有一点儿亲情、爱情、友情，很快都被剥夺掉了。他因为寂寞而衍生出的种种行为都挫败了，最终给他带来更深的寂寞感。这也是看了这么多遍，依旧这么打动我的地方吧。真是从一开始音乐一起就难过得不行。 | A-sun*(50星): 光影，音乐，及每一个具有寓意的表现手法都不用再多作笔墨褒赏，极惊讶导演对溥仪这个人的解读以至于成就这部电影所呈现的态度，把整个故事说完，尔后留观者独自在唏嘘。那个关于""门""的意象完全表现了溥仪近乎悲剧的一生，作为一个小孩，他却自幼被禁锢;作为一个皇帝，却沦为时代的牺牲品。 | 颜小兽(50星): 神作。三个小时完全不觉得长，没有一个镜头是浪费的。有人觉得这个电影太过魔幻主义。但那个时代， 这群人，不用魔幻现实主义的镜头怎么能体现的出来！尊龙太美，绝望之极时眼神里也有傲气。只可惜时代弄人。最后蛐蛐的隐喻太太太太太贴切又催泪。 | Q。(40星): 溥仪只是那个大时代里一个无法左右自己命运的小人物，注定在历史洪流中成为悲剧人物。……贝托鲁奇并没有洋洋洒洒的去讲溥仪的故事与中国的历史，而是选择了一个独特的视角来看待末代皇帝的人生。只是……紫禁城太监还有皇帝与皇妃在后宫都是一口英文……★★★★☆"
